flair_sentiment_score,vader_score,finbert_score,platform,ticket
-0.47999593635010906,0.5249904593636969,0.27392642847051923,reddit,AAPL
-0.15846725464620265,-0.07210285041284566,-0.06920395997064331,twitter,AAPL
0.2753012261962991,0.19266577570324084,0.21313642076457334,stocktwits,AAPL
-0.07977614770996055,0.12347471561030376,0.09139445716814482,news,AAPL
-0.28879228766141696,0.24958228232123944,-0.07654427563692799,reddit,AMZN
-0.03858786767219895,-0.06279207838192179,-0.015264524329770452,twitter,AMZN
0.14022429185270677,0.14466007786011528,0.2013646756466245,stocktwits,AMZN
0.16675058405621335,0.01279411427874942,0.023425865156494634,news,AMZN
-0.07816522176639434,0.4051666478384868,0.12106262830600974,reddit,ARKK
0.2510642594800747,0.15816913087280157,0.2485477036878335,twitter,ARKK
0.6529475618439762,0.5604105868329662,0.3350778536358915,stocktwits,ARKK
0.2641515313399984,0.1708094132012466,-0.010296011326408972,news,ARKK
-0.5251690145297316,0.5684552697411434,0.25216873173429555,reddit,GOOGL
-0.07912275011100076,-0.03169066099990632,0.004914336463741395,twitter,GOOGL
-0.01150093618653177,0.013145396573626995,0.046749058796368946,stocktwits,GOOGL
0.17752879220653556,-0.07329771238097176,0.004409629215063354,news,GOOGL
-0.17895142686455762,0.28145136676851534,0.0013580849281044638,reddit,MSFT
,0.032946731581863405,,twitter,MSFT
0.0926960431791191,0.10516751406327038,0.07616390259769291,stocktwits,MSFT
-0.06700017643288472,-0.10059758029374816,-0.01610817036396198,news,MSFT
0.048529741366289986,0.22286551692683676,-0.11662562188545782,reddit,TSLA
0.11403437479654521,0.052591862508095735,0.0878909628346686,twitter,TSLA
-0.009243024720051648,0.0757268057006553,0.012110510649787503,stocktwits,TSLA
0.07742612498204178,0.1174762694228318,0.0008858344797502127,news,TSLA
-0.012463548289676652,-0.03442721615842595,0.14482912501554862,reddit,VXRT
0.31196821205239983,-0.33955026235376146,0.930559562981558,twitter,VXRT
0.18596796337523608,-0.13978472742612086,0.3203115873316117,stocktwits,VXRT
0.07650238914962547,-0.022234812871518305,-0.17025001011247623,news,VXRT
