flair_sentiment_score,vader_score,finbert_score,platform,ticket
-0.47302090148474485,0.5093425297343875,0.3021450850641452,reddit,AAPL
-0.15319106957931203,-0.02990907464536691,-0.05190568094825068,twitter,AAPL
0.33070638355607784,0.2491326300712949,0.2741070024112998,stocktwits,AAPL
-0.05618926633604885,0.08027577636962488,0.06695046153345412,news,AAPL
-0.25488893355421344,0.22438267296998626,-0.037864155543974744,reddit,AMZN
-0.050983446087386614,-0.05010830077857566,-0.020194161628898998,twitter,AMZN
0.1776538013160997,0.18050255412063393,0.24920787861639151,stocktwits,AMZN
0.1253961308953835,-0.030193281482278175,-0.01610491606437548,news,AMZN
-0.09090288625406556,0.3911585240102917,0.1523312198352394,reddit,ARKK
0.30324864384654465,0.18924210862191718,0.24543549554760877,twitter,ARKK
0.6770549992172588,0.5744146108526661,0.3310254175326442,stocktwits,ARKK
0.2484096587290748,0.13692933023434647,-0.015505155260782437,news,ARKK
-0.5353212565111949,0.5649536820733979,0.25449382184173364,reddit,GOOGL
-0.05944651989228665,0.002543194059017258,-0.005878512360919716,twitter,GOOGL
-0.010803056444615869,0.0075003831547918115,0.04402174442004715,stocktwits,GOOGL
0.22041417414566183,-0.17203317304164356,0.006855224135763954,news,GOOGL
-0.1678189689420341,0.28723025335533686,0.01718888914580465,reddit,MSFT
0.09797640140196381,0.11357500254385187,0.10503161358236339,stocktwits,MSFT
-0.035577752133424456,-0.14101242854221036,0.045621867715020095,news,MSFT
0.11693683314881476,0.21380325637025502,-0.05624414717467814,reddit,TSLA
0.15605548665567515,0.049260510549829904,0.11733675354543646,twitter,TSLA
0.16168278172102815,0.20468286923700205,0.10230609323649906,stocktwits,TSLA
0.06814373402782511,0.12617041312046626,-0.012230217935672465,news,TSLA
-0.021864297177798402,-0.025775571370911212,0.11861964582081407,reddit,VXRT
0.30396256967965485,-0.40065387931979257,0.9548417930121995,twitter,VXRT
0.2670329384248081,-0.12712422105647417,0.33764105134272165,stocktwits,VXRT
0.10922562209969648,-0.04371488327868335,-0.08733333048626743,news,VXRT
