flair_sentiment_score,vader_score,finbert_score,platform,ticket
-0.4626799280101106,0.49007588403356134,0.2909615254510386,reddit,AAPL
-0.08778131852995369,0.042161762605965394,-0.08290871658713414,twitter,AAPL
0.21844589301741846,0.1765364021950063,0.2490788266100116,stocktwits,AAPL
-0.11147228221817422,0.10286392137565961,0.004312381733552559,news,AAPL
-0.2270354966662979,0.24513846055758126,-0.06570366538623365,reddit,AMZN
-0.06915806071509892,-0.003058396134224561,-0.02088835021395435,twitter,AMZN
0.13833555449213497,0.10789134384488655,0.19548269551772113,stocktwits,AMZN
0.06913128503727449,0.003812796230749469,0.024932093047598324,news,AMZN
-0.026854662894848877,0.38342241736040233,0.18101433131086173,reddit,ARKK
0.28538472733837894,0.18705037548191458,0.1520751204130294,twitter,ARKK
0.6412339559091439,0.5070577808089681,0.3942232377808351,stocktwits,ARKK
0.19618288602013892,0.04435590072773448,-0.06634729501992331,news,ARKK
-0.4812813436588375,0.4954885063596982,0.19716094123520764,reddit,GOOGL
-0.006770620283774193,-0.0020040656725915096,0.046454511315100526,twitter,GOOGL
-0.07509975457112776,-0.036712894963491116,0.04580784488649648,stocktwits,GOOGL
0.19108568342094664,-0.09649063921868288,-0.029670211668865524,news,GOOGL
-0.18639875604818965,0.2379154448869203,0.03573211714828319,reddit,MSFT
,,,twitter,MSFT
0.0922255411318489,0.09354160901360235,0.09742466631634057,stocktwits,MSFT
-0.08978064797230176,0.019775949108065138,0.09355984271024692,news,MSFT
0.05649187889439709,0.19958057729165438,0.029780905550553727,reddit,TSLA
0.11663086885695419,0.005247015674229918,0.12480394310312888,twitter,TSLA
0.03509061930896931,0.1450637789861126,0.12036823973293173,stocktwits,TSLA
0.07455479733537798,0.0746869879197799,0.006243320400164778,news,TSLA
0.02126062492060989,-0.05515614735371662,0.04686039660331144,reddit,VXRT
0.15938048541538907,-0.36069257713844577,0.9367980557904854,twitter,VXRT
0.2512339585189597,-0.05025998943002902,0.2555426893584111,stocktwits,VXRT
0.09919408822757815,0.07645809458923092,-0.12446776079659096,news,VXRT
