flair_sentiment_score,vader_score,finbert_score,platform,ticket
0.03291137406933613,0.5249904593636969,-0.20471394650414484,reddit,AAPL
0.059998420828386814,-0.07210285041284566,0.03823086324762788,twitter,AAPL
-0.38561419976799266,0.19266577570324084,0.28812532507594124,stocktwits,AAPL
0.05338953434727728,0.12347471561030376,-0.035960255122033484,news,AAPL
-0.018048374226209467,0.24958228232123944,-0.1378295028203346,reddit,AMZN
-0.03901465883887184,-0.06279207838192179,0.08261388700822479,twitter,AMZN
-0.14142704488159752,0.14466007786011528,0.17377954315784677,stocktwits,AMZN
-0.17484100892712154,0.01279411427874942,0.06437271394889438,news,AMZN
-0.010887666308531671,0.4051666478384868,0.009489102072425844,reddit,ARKK
0.07942055526550709,0.15816913087280157,0.24775467764549688,twitter,ARKK
-0.34122924584525804,0.5604105868329662,0.3100664770649621,stocktwits,ARKK
-0.21817856170460204,0.1708094132012466,0.10743126164777601,news,ARKK
0.16413659949104642,0.5684552697411434,-0.13001626855078657,reddit,GOOGL
0.007459729288327882,-0.03169066099990632,0.1525391770832636,twitter,GOOGL
0.09918491053723931,0.013145396573626995,0.06273354958210849,stocktwits,GOOGL
0.23734953933426428,-0.07329771238097176,-0.16396984469108297,news,GOOGL
0.06928414484689598,0.28145136676851534,-0.09248496552522714,reddit,MSFT
,0.032946731581863405,,twitter,MSFT
-0.21713475912795902,0.10516751406327038,-0.04864078410133464,stocktwits,MSFT
0.13780453220825162,-0.10059758029374816,-0.06637421258082618,news,MSFT
0.02318554616568643,0.22286551692683676,0.057029543445629556,reddit,TSLA
-0.10954189186047611,0.052591862508095735,0.058560343816536034,twitter,TSLA
0.017569660285079645,0.0757268057006553,-0.2974350808756498,stocktwits,TSLA
-0.13975318615526652,0.1174762694228318,-0.025199681158955996,news,TSLA
0.06798537431751878,-0.03442721615842595,0.0268196049552659,reddit,VXRT
0.35759446425639785,-0.33955026235376146,-0.7677252961069698,twitter,VXRT
-0.09376377375104182,-0.13978472742612086,0.39294929410786605,stocktwits,VXRT
0.058358117079115916,-0.022234812871518305,-0.040749640395658426,news,VXRT
