flair_sentiment_score,vader_score,finbert_score,platform,ticket
-0.012170043359587088,-0.3356835013529282,0.001903997415454509,reddit,AAPL
-0.0481099849552939,-0.007833931476493501,-0.061697510596346955,twitter,AAPL
0.21506490078708346,-0.11032253709167912,-0.233795282579497,stocktwits,AAPL
-0.03426041009478856,-0.04283516807899972,0.01533096470457004,news,AAPL
0.08454151611495614,-0.05967501099529735,0.0069916570610517115,reddit,AMZN
0.055672170164379926,-0.07629991582012545,-0.12259766911412652,twitter,AMZN
0.16580978847665037,-0.04069552219835156,-0.13369630240800529,stocktwits,AMZN
0.10949203035359355,-0.038151070587342586,-0.02591803805899063,news,AMZN
0.005753571580484918,0.18302804090754243,-0.03894497834789516,reddit,ARKK
0.006742399080847313,-0.06935291516209915,-0.19098426596750553,twitter,ARKK
-0.008191666690397835,-0.2373064243963162,-0.16688451889760367,stocktwits,ARKK
0.12209381709358003,-0.0727009688102654,-0.1655802066183174,news,ARKK
-0.025351954178700915,-0.12342548213928765,-0.08334549137021209,reddit,GOOGL
0.10858898502057515,0.003575084907021654,-0.053927620877608655,twitter,GOOGL
0.08627401637503354,-0.061511706391207205,-0.03718926233418277,stocktwits,GOOGL
-0.10829537930557914,0.09200444254614215,-0.034163995465453297,news,GOOGL
-0.002935519850135686,-0.1627830069134121,0.011568169399384159,reddit,MSFT
,-0.049732148382587577,,twitter,MSFT
0.037169776169347794,-0.14640485161265623,-0.2629448808200015,stocktwits,MSFT
-0.08094100578906997,-0.13590235161788528,-0.1556621648323835,news,MSFT
-0.002311982237019909,-0.21300170922297396,-0.05644449571052462,reddit,TSLA
-0.09233429171780842,-0.04495906423472893,-0.13506277121612087,twitter,TSLA
-0.20009093553629895,0.1397682182029386,-0.3207027552278279,stocktwits,TSLA
0.04141525808669481,-0.020679308911240996,-0.05359025853095638,news,TSLA
0.2532426610553893,-0.004598911731428406,-0.0585715313995494,reddit,VXRT
0.6591430670444968,0.21867551029198026,-0.25388277051575747,twitter,VXRT
-0.07075834460120423,-0.1832498296992756,0.08014855108941067,stocktwits,VXRT
0.1902717524645244,-0.20991191799707884,-0.039754232490051666,news,VXRT
